{"cameraMode":{"drawMode":0,"name":"Shaded","section":"Shading Mode"},"sceneLighting":true,"audioPlay":false,"sceneViewState":{"showFog":true,"showMaterialUpdate":false,"showSkybox":true,"showFlares":true,"showImageEffects":true,"showParticleSystems":true},"in2DMode":false,"pivot":{"x":0.20793664455413819,"y":-1.5203464031219483,"z":8.410832405090332},"rotation":{"x":0.17174865305423737,"y":-0.050535984337329867,"z":0.00882181990891695,"w":0.9838042259216309},"size":10.380105972290039,"orthographic":false}