{"cameraMode":{"drawMode":0,"name":"Shaded","section":"Shading Mode"},"sceneLighting":false,"audioPlay":false,"sceneViewState":{"showFog":true,"showMaterialUpdate":false,"showSkybox":true,"showFlares":true,"showImageEffects":true,"showParticleSystems":true},"in2DMode":false,"pivot":{"x":0.4689878821372986,"y":0.31923186779022219,"z":6.322501182556152},"rotation":{"x":0.08119906485080719,"y":-0.03320605307817459,"z":0.0027062410954385998,"w":0.9961409568786621},"size":3.9452340602874758,"orthographic":false}