{"cameraMode":{"drawMode":0,"name":"Shaded","section":"Shading Mode"},"sceneLighting":false,"audioPlay":false,"sceneViewState":{"showFog":true,"showMaterialUpdate":false,"showSkybox":true,"showFlares":true,"showImageEffects":true,"showParticleSystems":true},"in2DMode":false,"pivot":{"x":-0.006300522014498711,"y":-0.04345592111349106,"z":0.08181578665971756},"rotation":{"x":-0.1542080044746399,"y":-0.005340333562344313,"z":0.0008327109972015023,"w":-0.9880236387252808},"size":0.19662249088287354,"orthographic":false}